#flows	rate (Mbps)	medianLat (ns)	stdevLat (ns)
1	1000	4355	329.22552216443
1000	1000	4176	204.92315824277
8000	1000	4160	561.34175352459
30000	1000	4160	212.6970738243
