#flows	rate (Mbps)	medianLat (ns)	stdevLat (ns)
1	1000	4253	3956.2929758944
30000	1000	4147	230.51943673424
