#flows	rate (Mbps)	medianLat (ns)	stdevLat (ns)
1	1000	4538	4227.5956228097
1000	1000	4157	251.4397213828
8000	1000	4141	522.17613459967
30000	1000	4141	228.52454482106
